x,y
-14.713981955061096,-11.590662952114615
-15.19751142548613,-11.773271437606427
-15.880152211940318,-12.20410792525601
-14.65709879381433,-11.58173277597611
-14.412289691327242,-11.85184899961335
-14.506309489890938,-11.644050383961732
-14.144717966316719,-12.797168728312199
-14.846678687224225,-11.859913349837635
-21.660841133342185,16.73761908646853
-21.648493993691147,16.689238422030655
-21.73188473093901,16.860669482947692
-21.676262001144206,16.687436837244118
-21.79096149175484,15.969129135548945
-21.70395560715247,15.815139423271459
-20.942371876230016,15.461744980324031
-21.523433347675702,16.664030876953092
8.41591492582168,25.099425440935704
8.263850464743337,25.153354481105723
7.756911800447312,25.114827829670524
8.162733948833209,25.094452439771967
8.529640372241035,25.926518228487303
9.096099430935453,26.075454271613967
8.705790578872307,26.195448851395458
8.968038732353278,25.948045446384977
32.51963089513308,-13.840895521869125
34.01085266758161,-15.064106618988689
33.56580465414186,-14.898581120605353
33.93131898047712,-14.820596869078223
33.95105080443454,-14.993768340503772
33.42464322981365,-15.301375963679087
33.47495983582868,-14.137534895164743
32.40724635460881,-13.825779401264803
34.49653658501197,-16.05312887962299
33.320401347419654,-15.386456566585991
33.72188493398419,-15.073118826096536
-9.630024242914285,14.884628756400218
-10.785294357479104,13.868495934428317
-9.736195431822358,14.719105454495265
-9.58881406954808,14.96075927824644
-10.699324045654416,13.897471000612533
-9.70762520727008,15.353168687132689
-9.202965312728864,15.299692348724959
-9.632423861210281,14.923618841533468
-10.136262860830971,16.488825087542068
-9.56573036334634,14.998373850759943
-9.605016033548267,14.92926677860875
2.1284443599940452,16.974620223117494
1.355726882688307,18.313482504286952
2.3787580916746505,17.354525618407703
2.273308437383615,17.21338122306041
2.1861707570141333,17.644505382120087
-1.970961215081784,19.244078400525915
2.3338514635015692,16.8358070313186
2.2283443468712574,17.04449190991428
1.4802265179347314,16.93581067700737
2.2681381965503666,16.952501426409157
2.181308579742273,16.91263758559114
-35.92313843151269,-3.4867285003962007
-35.87816747489805,-3.380984010857646
-35.62884888815538,-4.944156333203999
-35.81347178307679,-4.8587678015461
-35.74837106756652,-4.502773268308135
-35.83094321174354,-4.8603148652657024
-34.28480501904826,-4.126260598418194
-35.56739485811054,-3.3815604838486055
-35.92142183000794,-3.332448254220315
-35.37409379931179,-4.017622902781668
-35.746494217587276,-3.4635599768034244
-35.98020988765763,-3.4442556257793115
-35.22687658478523,-4.077805742390617
-34.310332954178115,-4.22005874955346
-25.347854091646028,23.27350854841479
-25.149038965185866,23.315458655493096
-27.471046493856626,20.105402477797107
-27.65516944385339,20.871808728453914
-27.642944125164323,21.102982126634693
-27.60424787151479,20.791452470704854
-27.092882305296204,21.00010234889919
-25.701324915749282,23.03679585354898
-25.292944281355826,23.261467363896077
-27.388334998464863,21.03772781029389
-25.579607281542856,23.093213047505916
-25.38345741657695,23.33983456249282
-27.32514790609521,21.237328447652157
-26.198305873048614,21.696863991274085
20.352661979235414,7.719839605240439
20.416184796104947,7.6806714687836015
23.236141429432994,9.164462978601147
23.029647752961996,9.024405379781573
22.825524680968076,8.896489020687858
22.83315644472482,9.059210012585385
22.392858182908597,9.763736593580049
20.332796411341764,7.8643273583642
20.413525513646523,7.693081494860806
22.781889578830064,8.996849720278465
20.259202844249014,7.841710213890609
20.40970523107783,7.630080119880031
22.608991251258995,9.446114050402656
22.297017891745373,8.631003572795615
22.12313521721407,-28.145908772100558
21.568270671424028,-30.240874437343603
20.754681738879775,-24.868361886466563
20.13635261638239,-26.404372429915046
20.369168216672968,-25.283066384276115
21.653715194146763,-26.981632659720077
20.685637016590903,-25.145632874674735
20.742037594379465,-25.340020302556503
20.63694332136393,-25.941440489500412
21.24176293887558,-28.483406090918113
21.322378999436594,-26.955322242535352
21.20979337671961,-26.34471819134735
21.196440337425933,-27.109338951144604
20.69293804582402,-28.233642116950236
21.250102516566688,-27.02851501355655
22.35778747283609,-27.19388866464858
22.72463004919996,-27.214437474871886
20.724644319961442,-25.40060503833985
21.87634552721977,-27.186922853567193
21.1863300418578,-27.292064221866852
22.791641138036066,-27.208792614118938
20.845063124320895,-25.205121960691308
-12.272461227368819,19.068310585234098
-12.012959690429378,18.572630946446843
-15.036707615935171,17.031688027709738
-15.210806563712321,17.4545725086692
-13.047008717255228,19.314761653678644
-14.573799413359056,16.662932772797433
-14.93505208462195,17.203353805804536
-14.60360346245776,17.730352705426377
-12.742882723551112,20.45845691491798
-13.91608845666567,18.472855221541607
-13.961720237419527,18.394315572906738
-13.472391649729982,19.588278083649293
-12.80299840903159,20.692095247678875
-13.798552528183514,18.66334996576048
-13.26163824588881,19.4709294806847
-12.827796655683503,19.06245875399159
-14.94678398766322,17.2579275513663
-13.156331614688868,19.473323353781115
-14.004982919817348,19.986693442912536
-12.250661946447678,19.11295414305465
-14.830026160628755,17.09230272210462
-2.270603452312645,19.01570606147208
2.2662009599274735,15.763398240373595
-0.9912772409904568,20.288192836301754
-1.1458758843461156,22.147750590133203
-0.4026520600486829,20.691352823281544
-2.3470309501172832,21.358051403782188
-0.6573338031561162,20.54654180954377
-0.8579502113949913,20.570999068974473
-0.9877483965684869,20.402773815963776
-2.158380312508275,19.133163051775377
-1.8211223098067013,20.095144563717945
-1.6638641969665315,20.167407960923565
-2.1021909375334658,19.912514428784593
-2.2574155530016005,18.71913202865831
-0.9308548729050816,20.51433853960801
-2.4603120978794957,21.094010311583908
-2.4046358380235437,21.06914279697582
-0.8218777663037445,20.541885548443005
-2.3640424293970734,21.27906241516677
-2.178626224485803,19.96703526097072
-2.5093160224128055,21.18631959442055
-0.7361891872489055,20.53571389293105
13.205882491696409,-12.148471977739742
11.157595217885277,-13.206152947133335
12.074057911399102,-11.94511318366117
13.95978777810165,-12.091420350015243
14.10778447484989,-12.080097607959166
12.370852042667721,-10.319668548866064
11.326984620483012,-10.499235188854795
10.91075036578819,-12.454445325484562
12.435789426400314,-10.428511805975624
14.237148707549178,-12.063971124768594
13.98730764597574,-12.072001507107798
13.24140067379857,-10.906239993066848
11.595957573650429,-10.21830863971024
12.442124745585376,-10.428328828638595
12.88420250586203,-11.178430208793413
12.704966759268817,-11.50905379211099
13.994115396379591,-12.063359286346412
13.609416853885183,-10.252115233408901
12.569591077793643,-10.49481939459959
12.508099679782802,-10.240157713820793
13.485837974601212,-10.243991747918368
13.47555254322196,-12.190968958182314
12.965932226080373,-10.918416352692446
10.560226971808405,18.688402987403432
10.593466502802407,18.954824063277208
11.244557868994578,18.956345854599647
12.777692650888966,13.881515942748573
9.61333462250789,15.61590116297883
10.787853163031194,16.21592486806169
8.12931388637418,15.391436291227105
12.737016982778227,13.981217283119676
11.437172546514882,19.020998252765104
9.971544805402132,14.485394039513986
12.651093124837026,14.18140857124779
9.950126554159482,15.347333536456846
10.341608550315947,14.574560297132114
9.96928782615182,15.629219766871142
12.807411643263432,14.509457877639566
11.24138615972638,18.985678080601314
8.738386534023805,15.92273932151902
12.69012866664051,14.263495413163787
8.760903236191776,15.896233107055101
12.604006297624716,14.228312767522592
10.014145566079126,14.578877882399173
-20.36898587649564,-3.0300033454293898
-19.35106085649629,-2.9422798001742176
-19.46145380837673,-2.931331139970042
-21.821938125271636,-3.1427045506307336
-18.711450886645203,-4.621865080096626
-25.034823274082857,-4.300264978116067
-24.7356959653768,-4.415159243509338
-24.23571329655715,-4.797224647704763
-21.398638080060866,-3.108310911342194
-18.80339745300398,-5.1687132349641915
-23.107715045744378,-4.678665255727639
-21.320381555521838,-3.16804235133113
-22.487004361349594,-5.8367655301459935
-22.359703978574835,-5.271776315719419
-20.462539229590327,-6.426051878971676
-20.901297812876816,-3.6704090116473345
-19.496691003545475,-3.0239292620187914
-24.764299104089872,-3.911806171232138
-21.020705874985595,-3.127054545522329
-24.77526501034047,-3.8726229999932045
-21.570137704711087,-3.2276081727524413
-24.641909765943563,-3.841051049666228
-11.830348145155549,-21.767621742245712
-12.649153720289798,-20.691352322404867
-12.848058942705089,-21.42487457884467
-8.120881177943936,-22.350595197294332
-9.524037398207065,-21.871688772140924
-8.167477733909626,-22.34336657135041
-9.003396850378705,-21.83808560610009
-12.031371456153158,-21.86382240420292
-9.033987654863942,-21.8426540561038
-8.188413490645814,-22.324291091998674
-8.456818928493464,-22.109904873732592
-8.377316626583381,-22.070780999146162
26.214432595862252,-11.333040918651001
25.591230250701994,-9.888502070277521
27.80001657528278,-9.841727831676698
25.69265566953868,-10.144244241463463
25.579069009505417,-11.134731102077623
25.322934476385477,-11.01319623017674
24.618855822075485,-12.595718073215366
23.86812506542025,-13.761474146872512
25.440731515407318,-11.396789747649585
25.02657022942068,-10.874200140422593
23.904484849351643,-12.905503411197909
23.78558770647287,-13.183120751508332
17.100314505050477,-17.577293907621492
15.944048106769753,-19.08322544892413
15.651966411416653,-18.577940453157385
17.265574786796552,-18.373351973323604
17.311029868134,-17.435869595367112
17.534678900266307,-17.659602556326853
17.4619916812292,-16.757681039497278
17.420352505212502,-16.252442254112864
17.560919728416124,-17.049524241628166
18.473848779123923,-16.4984738946083
18.101994752262808,-16.831224587807075
18.06632609146115,-17.009693493926196
-6.462025163114538,1.8512865686753497
-8.460197872838402,0.3516288011515114
-5.336456611134291,-1.237672661683885
-7.2180447547905455,0.3648502969373578
-7.121841129054913,1.8463175347998027
-8.750390580626874,-0.08476058415178812
-6.871597098589132,3.8505329894576326
-6.957989931390438,-0.2032264190383199
-5.957630045806477,-0.8857582540735176
-2.824466904561919,-0.2662196608730219
-6.617361907726416,0.19549098906911683
-7.023275297694064,0.3432054158458785
-8.385247186055985,-1.1905853352102242
-7.99183204118796,-0.3947887281275131
-10.156440603606699,-0.905163863783055
-10.038050517687967,-0.8799727835523558
-4.8143929221138295,-1.2909349002647068
-4.863753712070806,-1.3641401824181463
-6.483171947792194,0.33872556361072503
-6.284117369181984,0.5290619583741487
-6.711697353606195,-0.29103383619070833
-2.949447374212745,1.2270242672180005
-6.021585465696083,0.8758607022526128
-8.667949102503709,-0.6602277947165307
-8.88192321801013,0.36589313454307554
-9.318007293489082,0.5672581651609957
-7.483420862766472,0.3701528667562766
-6.836629253258287,1.8576378494058756
-6.348961525900042,1.8965517289870037
-6.938529393070512,-0.02590165177407432
-6.960863910573229,-0.21927752587291338
-5.637113726097806,-1.2163623807751487
-9.625639531686321,0.8797817567614928
-7.9407270911019685,2.325129877384959
-6.808763345548083,2.821281283800184
-5.824226415394684,1.1286100822094611
-2.887139102275619,0.5358563179449082
-9.767990568895078,0.7448413054096092
-7.893527233804489,0.39001078664152805
-11.37193343550928,-1.0652079253765783
-11.416252505410423,-1.1387222022844667
-7.016076113650777,0.3752882826527302
-8.177225472926553,0.20993196124822977
-5.2927627781405056,-1.211364849897856
38.347810116399565,5.500657497464186
33.75260476770702,1.6542291248483725
36.02824458950569,5.983890778138445
33.17993688578185,1.602522379691868
38.20428351155612,1.422194827257222
33.835581304527864,1.8366878362361398
37.34209015373268,-0.8590619828675538
38.23723668773441,1.3248897485249433
37.25669847003831,3.125465755855287
36.220604196702546,4.282183012941065
36.289759592411265,7.339744250291289
37.82169738246387,6.695254210643945
36.51310350127651,4.11942854374782
38.001717964748416,2.2868669604685747
35.61570390710673,5.909819120152106
35.500430948078225,5.950806219473131
32.63120482462316,0.6584281029534725
36.014975177125244,3.946271588058781
36.12190362627869,6.286785232455253
36.24629501679863,6.216632257676324
36.72777939081009,3.756981162510168
37.63659285735018,3.9068384302074977
35.53611108713359,4.350936265451303
37.66237763312362,4.254648131375747
35.80173880935488,3.968922995233367
32.889545976209,2.206104990252241
33.56183952942341,1.4516311205298082
35.24460810893413,3.7331278429278067
37.806746921506964,2.4846716911522764
38.05463223779649,2.0789961584031453
35.28065828243825,3.6469496667396317
35.696446515155785,4.563209003879855
33.23236328661956,0.8071150377614198
36.87962975821905,-0.5595138506665982
34.302836714666086,2.5577992910950087
34.99599017838461,3.31099944109911
29.21138869660771,4.1235520367278005
29.197232455590587,4.161453245237137
29.07362943826437,4.193572425961103
37.939517318099476,6.629895343406479
33.071041017129225,1.027707668861775
33.308694699594696,1.6781774985555196
32.82395101799199,1.321483274940411
32.15080718022636,1.9780293423782638
32.10966071462718,2.1111227977731426
37.965286203936046,2.6709979141882867
35.28009061872678,3.6963531182957783
38.074768616411994,2.733430579139504
-33.16247298088094,5.778339828733816
-29.96441154764832,12.016727705986664
-32.35197699141417,4.225498452124745
-29.32325810272075,12.221749461434534
-34.199052126440755,7.260295236544383
-29.212284181817015,11.355920611643151
-33.60957708015867,12.5735585312725
-29.01673417664005,11.94612627908841
-27.84221928098517,11.912514586813378
-32.69981990583312,4.763364719579423
-28.032523916443672,11.96769186837175
-29.570671303077923,12.164290003445238
-26.849342490381108,7.812875991318813
-26.864647503833087,7.821058216562728
-28.2533030700933,9.367409221622898
-28.366326434234683,9.070051300057653
-32.127145336182124,4.004936188216137
-32.28527285308126,3.7863596154821564
-28.0893990905487,11.899135199468033
-32.798966335745604,5.389913157281119
-28.15554604975749,11.992091281056657
-27.88079406179049,11.889662180135108
-31.330558185383214,7.014201824931365
-28.44288775390372,8.843799552267903
-28.021270563204386,8.802966422987092
-31.25067579038842,11.795969758108539
-28.94795007859313,11.739849949047862
-28.91555311718554,12.220099389760135
-33.75520039201862,6.568909326890864
-28.39595695300665,12.096296367903026
-27.904972811200857,12.101000272165104
-31.653939365529865,2.9694672239731923
-31.084785237831333,12.132390390766183
-30.233998189347236,11.995733038469304
-35.36080708756863,13.958965777705785
-33.008746571624634,9.681497255797073
-26.87809280521468,9.179446608334512
-27.705171319604055,8.84905956996143
-32.687134945697906,4.586879873302237
-31.012536396409782,12.028012729019743
-29.871772045889124,11.97166792404282
-30.348964053785085,11.875180434356013
-26.39684406836845,6.128861506052776
-33.797922543578785,6.785214717979976
-29.091740938568822,11.321066215501661
-33.79164473703342,6.402962507145027
-11.26650206685716,-28.86806724814953
-11.17372657209921,-28.9060216976812
-11.044455410258086,-28.851378060878385
-8.818485095558358,-31.68256097151407
-8.837675294100228,-31.014339185036864
-10.265627092606008,-29.592769484019378
-9.844784746924052,-30.639428820180363
-5.760140897867204,-33.93600444308928
-9.64908012072423,-31.537387753357873
-10.295571046010993,-29.403821297517315
-8.337903533990712,-26.02129838378201
-8.176049621536658,-28.937575825104293
-8.274188481112647,-31.79526268694394
-8.297422369501446,-25.976611891362523
-10.376075859619355,-29.12274239460726
-11.574198100992884,-33.0429877811635
-8.519281203666793,-26.124421976999866
-10.071840649923578,-29.196448572242097
-11.651561926784046,-32.400536287091285
-10.465929026519014,-29.95967366631115
-8.221751450697727,-29.040758875275706
-8.487979487012058,-30.435330406525757
-11.499330876938442,-32.52742933076717
-9.105502946044753,-26.93631767816348
-10.974166623201075,-31.59490894944941
-10.256521830860132,-29.52957132347984
-9.05718721302039,-26.44906866218559
-11.53888925116163,-32.529963606865955
-8.471241818354118,-25.980820703267995
-8.419378985443963,-25.96721780922296
25.30276390848156,-6.294840849146258
25.453346568122974,-6.002477260813091
25.548267887445654,-5.8347772899370085
23.457541936073664,-7.873698380312433
25.220926740926558,-7.579898669617431
25.368491552189955,-5.720041960643536
24.73836376034991,-5.128322356608938
24.662730309670383,-4.997080244724575
23.560436525816908,-1.1251070878718592
24.532427891373903,-1.430793506498441
27.671660196112985,-3.5108287714013278
23.4477834740519,-5.108397505378471
27.691886186904355,-6.860043210786772
25.314794814090426,-0.2299767447807361
26.23197432765231,-2.305888078074956
25.214831854607425,-0.22026343301969487
25.15249501895921,0.17734672882817193
25.11827110329851,0.0474007833827503
28.389678699145882,-6.894712914371723
24.77015739724741,-6.659032870064174
24.90380903057864,0.20146650333762792
25.8388268439128,-1.8160156753210992
23.77181968324631,-0.9813821196787721
24.39439882084666,-6.441736661819725
24.866991158730297,-0.7921634919789247
26.04159472620002,-1.9984742997941916
25.249535163151442,0.0181733254593825
25.95556285702918,-1.8906327223590715
26.53742969389475,-2.405527813237303
-17.56410825297249,6.04176974835428
-15.758834528515532,2.5273126155024563
-16.19075898488786,7.9465764084547
-15.062444854890144,4.951866001195269
-14.068255812507315,4.53970644915739
-15.019045860462922,6.891124965948057
-14.983961162098607,6.070034415206925
-17.84630271698652,5.258451546657956
-16.54106103144029,8.187898181552816
-16.421412977433185,8.944391213771995
-14.845483199840146,8.62437435824846
-13.789632243230901,8.287034148496975
-16.956741763259647,4.2213524147140715
-13.16257001996067,7.695771584549195
-16.432933424750864,9.39406619144628
-17.538280467745157,9.197517423984563
-14.58502073020706,8.712045803288314
-16.385511882266304,9.695161785052365
-19.176049527777444,6.082926416910866
-16.529985013362168,9.561902013470071
-13.533141411311238,8.444366759139076
-16.09611541630435,4.630137184161227
-17.054677289759166,9.338553280740774
-16.133578103736326,8.249301936988939
-18.498872278111893,9.487806410508297
-19.037768164498107,6.087075999651086
-16.301562835780754,9.679997776239867
-14.718789878806133,8.672920240701536
-17.007891557748405,9.18033509436464
-14.642569223211334,8.677788480105578
-14.663081086019341,8.670036646136277
-2.5663242942660256,28.685592015360985
-2.585113432524245,28.854398299744684
-8.422740790298024,36.67920202483024
6.108142619325804,33.36540112929994
6.2971352496995845,33.37988868831317
6.072684723554809,33.54249548607795
-2.6248736692455057,29.1675641611207
-4.1965238365157775,28.835425428333295
-4.085152325242621,28.91747975222205
-2.4625387302627426,29.53883851580349
-1.8811316594183454,29.48369810299014
-6.114742759770376,35.56300491097541
3.1624470391733106,37.1397241350903
5.1954980929710315,33.96168966339703
4.433323378775829,32.931676447736976
1.4068043872262637,30.745960885280546
0.6991347965610822,30.987151196748332
-2.9940276809822106,31.32812000703913
-3.3611626306725975,29.513508556731416
1.9048622762063772,31.189608100635397
-2.7932442005752707,31.504597045967152
-2.640705528193585,29.159333136452
0.46669150325692954,30.819632904224285
-3.5256954936589677,28.72516906983627
1.599090598456275,30.361500910474184
1.6550074613321097,30.86269509214252
7.073331093294226,34.3463238252197
2.973024374308265,37.21928215297218
-4.166050481065436,28.671878045552596
-4.407407074959797,29.26199639395663
-4.225206029327243,29.627477468091993
1.52573709302962,30.791882676021995
7.0401019371789255,34.34830865440669
2.99314198119636,37.19496838743153
-6.15243096059115,35.57007125297583
0.07515660538735616,30.724208958862587
-3.705482078658548,29.157882471249245
1.330304386726782,30.746381695637893
1.6622645969264882,30.96231419463822
5.813948127216865,33.463223787723436
0.8837197331850394,30.65329641713803
-2.6730093130616512,30.10241651390187
-2.496329528871714,29.907987360934765
-2.8788453273508376,30.660172188063807
-2.8959836944249857,30.53174283766918
1.1301088920903053,30.721417237157752
6.160955164823406,33.582993705899604
6.19332730910791,33.741324408410335
-6.744607085683095,34.24547962718179
1.529146021358289,32.8011632294415
-1.7556131829258144,31.99363310821978
-7.908355182771998,36.533944038176784
0.6945839089405791,30.326783450535103
-2.8201881132768385,30.605656748569473
-22.450585355545346,-27.322073630566095
-22.322578731940503,-27.40202504643487
-20.232942541761975,-27.46590821422429
-18.628828017852623,-25.315917755794036
-17.195414119691197,-26.482913759920294
-18.517838191008753,-25.60332833068098
-22.261981775908072,-27.46658570119013
-25.364912128988195,-26.853306623488013
-19.252880687369522,-27.08668700759676
-20.52977092471413,-27.585371122137726
-20.428009053024265,-27.458555587072105
-2.0935969688448592,-26.137964792021204
-17.028461891033977,-26.443719161617054
-17.13070811829595,-26.47427736729788
-23.718384713851197,-29.435252161310714
-20.30039863898323,-27.12965527042438
-22.401760729208906,-25.83046214382864
-28.538231731748926,-24.53936769596463
-21.25375486286054,-28.690523879516817
-21.536622179121412,-29.235312462433274
-18.622993574711195,-26.194136367946367
-21.14248331999044,-27.43390870739048
-21.11571473736517,-28.081326305757447
-28.700861300261842,-24.37426066013889
-24.132207730139108,-22.511564154790747
-24.484980290619706,-21.913379770443935
-28.740925926063973,-23.104769600436708
-21.31835116001045,-28.987904009881024
-20.858323865185053,-27.75251963823468
-20.45966132983188,-27.283775546190324
-17.95275977016473,-26.581846838986515
-17.559239614287254,-26.8704360020094
-18.897192245675786,-27.209100359085753
-20.94576968714531,-29.481704046186106
-28.91270976148193,-24.90851860421596
-20.485365620557193,-27.266206562837546
-18.030591492180246,-26.496067100682886
-17.556304622221003,-26.908157862421547
-20.933736424096473,-17.259939984117345
-28.45244660407353,-24.993984834741315
-21.401018019415062,-29.087313007410263
-20.391398368480107,-27.23840079683314
-18.813379964766003,-26.774611482630252
-18.383310153871427,-26.53939782078551
-22.527285821975703,-25.876748669475823
-23.217745859042797,-26.187880377085857
-23.100116788497967,-26.26027106426018
-28.244808908000063,-24.628935907060345
-28.17556507240991,-24.690819609416252
-22.519562921399427,-25.859769560863878
-18.228519697379184,-26.62235059001886
-18.567356363096675,-25.622471891432223
-24.895411081018896,-21.922595176439998
-28.35623969534828,-25.146860978999115
-24.936465043821595,-26.957507978090852
-20.910393124655524,-17.234546551219943
-18.136530161077232,-30.72834494376974
-23.40760853357133,-26.189778108337865
-25.22846521228492,-26.69692095770434
9.602411641804967,5.917678832278379
11.941611267425161,3.463095181563051
11.91047169237973,3.502181830460727
5.030111137945443,4.946137038701218
11.368749076435959,-2.9724225812854015
11.300671726803813,-2.8155479988486047
12.415715580867388,-2.4188372145026795
3.984117439310543,7.3205968959608505
12.02693017949285,3.4323648733603913
12.624095936453969,4.768932910144015
9.36882831231825,3.4757796219643144
10.399069805638351,3.6796888490371824
10.69257061348466,3.1311995296041824
10.50357996551739,3.199349417104762
3.708935487890571,1.3286802248885907
3.360039718142764,1.7673604894674326
3.325906865985351,1.657035078492632
3.3716928184687927,1.8966513801953535
12.132442534018208,4.464806825164676
11.605801666876395,0.17630247598200607
12.548368932346097,-0.11435251540096855
15.926913681687724,2.171873115186588
12.094274095920682,3.5804504292007877
9.177071670627365,6.135815741453948
11.49095838470686,0.46169022348653727
11.994163542217203,2.795601094724887
11.8846230345435,3.4114373389731667
12.682950747646652,-2.1633733731016984
8.213758513825358,-0.470175608781997
9.106713895599887,0.4393010858557208
9.711740325183786,0.18051140630868115
9.933235961409586,0.129391224645574
9.455496225090991,5.412336981890248
9.831040286074751,4.729466587994719
11.481545871358506,-0.10399122337472627
11.482390370602754,-0.17178147921018858
10.567677941874658,-1.6162239526196516
8.346327522169512,-0.5565307423901472
10.06201379550025,4.305406176404839
9.179603819877086,3.4505480927816623
11.412932859870818,5.172228949641726
10.221940879919998,3.3041464716699487
11.66063567403461,0.14706830245528665
10.626267596143302,-1.767266093869144
8.379378450322488,-0.585232143333358
4.9403814098263075,1.428378257254571
12.492302057086555,0.914742083023809
10.778776445699721,3.6755176542128902
11.707588684968417,0.20017958460692556
11.542493115459306,0.09044494409533757
11.36066682689932,-0.16034869323895506
14.658682385573762,3.5786232703785514
12.321777985853233,1.016756863761302
12.081362441023977,1.5931964500066602
11.980139612868564,1.8399192170810656
14.085527441377717,3.212470672255613
12.833197341913483,1.7438267117106283
11.93166205105532,0.8222968169107023
11.127365574241997,-2.806476120930917
11.29226714182454,-3.0136110261617377
9.857152179432024,0.1306097382835244
12.86569687876463,1.9583516693110556
11.465237285737183,4.684687847624046
8.30273305765648,5.495367077720626
4.0982621910693435,2.9163562613458525
12.791855710448495,3.7998167635189954
9.410377816185534,5.844982142339403
12.429715916593075,5.1142500836266
20.172949507109617,22.470984941152302
18.010320629457663,28.767051589784046
18.018952781552386,28.72968412084608
17.681902568791703,26.51993243904919
18.473818124469283,26.641130603585907
18.874259599548175,27.255561303989808
19.199074343348375,27.73079155862907
22.13693928805391,19.541623489016043
22.29023339591241,19.977196299540996
24.076834441213094,16.15212581909051
20.391466061920983,22.243478574629982
22.815839004135587,19.63186400236812
18.723513290880934,26.711065647916456
18.999934474322053,27.459714838576097
23.577518548467065,21.461152066693778
17.95959031722339,28.982933223979835
19.17401447936765,20.62546696607104
19.667784065991725,23.365512728829415
17.929046820598312,28.77128430020172
18.087834744903247,28.708230736838203
20.311664328932846,19.202329108606488
23.072520446115178,18.60787734359276
18.986977748044104,25.25860739607681
19.296409622057055,27.749015160050064
18.113751606630768,28.853330798661734
20.06303816138476,22.53251614107959
20.49249878805499,19.657111987820514
23.56267751848188,21.470845081923205
17.644177123786694,28.5718965144744
20.69912067319101,22.193520419133357
24.708918752915984,18.97468052863769
19.48005742953364,16.817317506763615
25.443504040871105,22.407831453689795
29.484076426303158,19.645855011559306
18.648109045741503,28.48394449164114
22.313617575057414,19.571132024059608
19.795035651838404,20.70105487383138
21.980786630032878,18.8362064477866
21.496059801455054,19.263146777515143
21.37065634957922,19.63841335200953
18.736804510783948,27.075901744696264
22.730141980943323,19.591757439696227
22.55349622246195,19.61965766244501
26.29109282001772,21.86394963573704
6.740872388168746,-30.31212626429323
5.5805305408446015,-22.776417771253215
5.4576775064721685,-22.875130876840775
7.283689311080122,-23.302653351486356
6.594313821519187,-23.65365715436978
6.908907388458073,-23.77753329763566
2.6669208364495622,-25.616293195282267
6.618436849453597,-23.459503433033017
7.042474141347593,-29.219498602918378
6.677392648097056,-30.289013819441884
5.929120653269481,-31.681990628435546
5.802892582305256,-24.1631032267616
6.2285191693060336,-23.936677807941543
5.554063115000019,-30.499320408666907
6.93129081158786,-23.787429628139016
5.106673360552331,-23.417558472607848
2.845280312481099,-22.220315269349058
4.239976619818113,-22.39483333677641
10.544718596898514,-26.95748927434083
9.217896652743988,-24.918072521552663
3.5966130060143446,-22.69094654205857
4.342675406955096,-22.220533871386333
5.098736972654049,-30.350244603985878
4.94889206467058,-30.310846673480416
6.861168867139257,-23.555469255447935
4.553227099680284,-23.48253032820783
5.740903364387512,-22.825344793562724
9.63599866668831,-28.26344041484648
7.59636077856695,-30.7656143836235
2.767485977851253,-22.209751094676587
5.3673480441168495,-22.975819381284204
5.0064765963839735,-28.744352609392028
5.055178258216014,-28.62790222033918
6.175475241079698,-27.04232054056512
5.531929710124458,-26.83373611058322
0.48565394213414476,-25.875004752429863
6.094323529791113,-25.634940540031568
5.2110875708639615,-30.116764269370723
8.349741007881477,-28.016993471003953
8.474324654058902,-29.163971420780822
5.9484999613265925,-30.867334901589228
6.784497317091901,-30.36769341300971
7.6255859289501124,-30.719033666177978
7.295169235497014,-23.464616965446307
5.637391123299192,-30.23338619208698
6.349442053116216,-29.009727634734684
2.687099838216814,-22.287936838578812
-3.646422790142845,-11.82833984929112
-5.149554510386891,-10.651329298683988
-5.343032617496615,-10.53481853551457
-6.363100418976917,-10.236981148573962
-6.280151111108142,-9.959970642860661
-6.610154616041586,-10.335470268697815
-3.8961336816898844,-13.088076885476665
-6.234516620887244,-9.817740119759238
-7.259817880774596,-11.309592353518964
-4.019082551703274,-13.16841624582899
-0.7565381089063978,-12.27885218982866
0.3158186000651399,-11.66093849469253
-4.3320531080460105,-9.667092136044959
-7.287332318502277,-11.404376013134796
-0.8679602283519124,-11.43743520719638
-6.190927579910135,-9.930648502573463
-5.119300931018878,-9.709450828975351
-4.153233218618315,-6.60417948969144
-5.053731963117474,-10.210256848644114
-3.3448795078225033,-11.87298800104925
-4.874263388502257,-9.987207779772303
-4.920977291964135,-10.028211664527056
0.5732482478159734,-12.088920166909672
0.5472509830980173,-11.952422024180894
-6.7260140724901865,-10.191842339189025
-6.252775561186767,-10.58792921480142
-4.942474982606528,-11.02299090289264
2.847752906370023,-14.856042319942953
3.661454985504205,-13.271386713044611
-4.110231039181293,-6.56729680299806
-4.995559618434303,-9.977090388007467
0.29864822142747344,-6.206265113797409
0.17365221326147803,-6.034458532332011
-2.9205897743025093,-9.818346674150234
-2.679825909421243,-7.116434498706319
-4.704243370284399,-9.282249759755327
1.052082842419192,-11.567504085956934
-3.3972732642096446,-11.946469940184317
2.214113989852665,-14.75517159919395
3.5851063862605415,-14.038874536457465
3.4255457001859795,-14.278093792866787
3.62760183107591,-13.91152083779748
-4.113252597092704,-12.864852635456396
-6.244758819709605,-9.98786910555813
-0.5751064714801603,-11.621751217392264
-0.5849087930235344,-11.858349006516208
-3.9645149274483416,-6.4669724007823906
